{"cameraMode":{"drawMode":0,"name":"Shaded","section":"Shading Mode"},"sceneLighting":false,"audioPlay":false,"sceneViewState":{"m_AlwaysRefresh":false,"showFog":true,"showSkybox":false,"showFlares":true,"showImageEffects":true,"showParticleSystems":true,"showVisualEffectGraphs":true,"m_FxEnabled":true},"in2DMode":false,"pivot":{"x":-0.002524256706237793,"y":0.002524256706237793,"z":0.003346771001815796},"rotation":{"x":-0.22833910584449769,"y":-0.5470022559165955,"z":0.1572333127260208,"w":-0.7903727889060974},"size":0.529086709022522,"orthographic":false}