{"cameraMode":{"drawMode":0,"name":"Shaded","section":"Shading Mode"},"sceneLighting":true,"audioPlay":false,"sceneViewState":{"m_AlwaysRefresh":false,"showFog":true,"showSkybox":true,"showFlares":true,"showImageEffects":true,"showParticleSystems":true,"showVisualEffectGraphs":true,"m_FxEnabled":true},"in2DMode":false,"pivot":{"x":-1.1877336502075196,"y":-0.6554979085922241,"z":2.4359583854675295},"rotation":{"x":-0.2709040939807892,"y":0.0010389182716608048,"z":-0.00036614848067983985,"w":-0.9626876711845398},"size":3.038722515106201,"orthographic":false}