{"cameraMode":{"drawMode":0,"name":"Shaded","section":"Shading Mode"},"sceneLighting":true,"audioPlay":false,"sceneViewState":{"m_AlwaysRefresh":false,"showFog":true,"showSkybox":true,"showFlares":true,"showImageEffects":true,"showParticleSystems":true,"showVisualEffectGraphs":true,"m_FxEnabled":true},"in2DMode":false,"pivot":{"x":-0.1812662035226822,"y":0.99554443359375,"z":0.6847231984138489},"rotation":{"x":0.14109410345554353,"y":0.2914300858974457,"z":0.04350442811846733,"w":-0.9451320171356201},"size":1.1269962787628174,"orthographic":false}