{"cameraMode":{"drawMode":0,"name":"Shaded","section":"Shading Mode"},"sceneLighting":false,"audioPlay":false,"sceneViewState":{"m_AlwaysRefresh":false,"showFog":true,"showSkybox":false,"showFlares":true,"showImageEffects":true,"showParticleSystems":true,"showVisualEffectGraphs":true,"m_FxEnabled":true},"in2DMode":false,"pivot":{"x":-0.0007391571998596191,"y":-0.0016977190971374512,"z":-0.0025096386671066286},"rotation":{"x":-0.0322849303483963,"y":0.22675330936908723,"z":-0.008245843462646008,"w":-0.9737565517425537},"size":0.5405963063240051,"orthographic":false}